<?xml version="1.0" encoding="ISO-8859-1" ?>
<link_info>
   <banner>TI ARM Linker PC v20.2.7.LTS</banner>
   <copyright>Copyright (c) 1996-2018 Texas Instruments Incorporated</copyright>
   <link_time>0x653b58a0</link_time>
   <link_errors>0x0</link_errors>
   <output_file>HolaMundo.out</output_file>
   <entry_point>
      <name>_c_int00_noinit_noargs</name>
      <address>0x60d</address>
   </entry_point>
   <input_file_list>
      <input_file id="fl-2">
         <path>.\</path>
         <kind>object</kind>
         <file>main.obj</file>
         <name>main.obj</name>
      </input_file>
      <input_file id="fl-3">
         <path>.\</path>
         <kind>object</kind>
         <file>tm4c123gh6pm_startup_ccs.obj</file>
         <name>tm4c123gh6pm_startup_ccs.obj</name>
      </input_file>
      <input_file id="fl-8">
         <kind>object</kind>
         <file>&lt;internal&gt;</file>
         <name>&lt;internal&gt;</name>
      </input_file>
      <input_file id="fl-9">
         <path>C:\ti\TivaWare_C_Series-2.1.4.178\driverlib\ccs\Debug\</path>
         <kind>archive</kind>
         <file>driverlib.lib</file>
         <name>gpio.obj</name>
      </input_file>
      <input_file id="fl-a">
         <path>C:\ti\TivaWare_C_Series-2.1.4.178\driverlib\ccs\Debug\</path>
         <kind>archive</kind>
         <file>driverlib.lib</file>
         <name>interrupt.obj</name>
      </input_file>
      <input_file id="fl-b">
         <path>C:\ti\TivaWare_C_Series-2.1.4.178\driverlib\ccs\Debug\</path>
         <kind>archive</kind>
         <file>driverlib.lib</file>
         <name>sysctl.obj</name>
      </input_file>
      <input_file id="fl-c">
         <path>C:\ti\TivaWare_C_Series-2.1.4.178\driverlib\ccs\Debug\</path>
         <kind>archive</kind>
         <file>driverlib.lib</file>
         <name>cpu.obj</name>
      </input_file>
      <input_file id="fl-c2">
         <path>C:\ti\ccs1250\ccs\tools\compiler\ti-cgt-arm_20.2.7.LTS\lib\</path>
         <kind>archive</kind>
         <file>rtsv7M4_T_le_v4SPD16_eabi.lib</file>
         <name>copy_zero_init.c.obj</name>
      </input_file>
      <input_file id="fl-c3">
         <path>C:\ti\ccs1250\ccs\tools\compiler\ti-cgt-arm_20.2.7.LTS\lib\</path>
         <kind>archive</kind>
         <file>rtsv7M4_T_le_v4SPD16_eabi.lib</file>
         <name>copy_decompress_none.c.obj</name>
      </input_file>
      <input_file id="fl-c4">
         <path>C:\ti\ccs1250\ccs\tools\compiler\ti-cgt-arm_20.2.7.LTS\lib\</path>
         <kind>archive</kind>
         <file>rtsv7M4_T_le_v4SPD16_eabi.lib</file>
         <name>copy_decompress_lzss.c.obj</name>
      </input_file>
      <input_file id="fl-c5">
         <path>C:\ti\ccs1250\ccs\tools\compiler\ti-cgt-arm_20.2.7.LTS\lib\</path>
         <kind>archive</kind>
         <file>rtsv7M4_T_le_v4SPD16_eabi.lib</file>
         <name>boot_cortex_m.c.obj</name>
      </input_file>
      <input_file id="fl-c6">
         <path>C:\ti\ccs1250\ccs\tools\compiler\ti-cgt-arm_20.2.7.LTS\lib\</path>
         <kind>archive</kind>
         <file>rtsv7M4_T_le_v4SPD16_eabi.lib</file>
         <name>memcpy_t2.asm.obj</name>
      </input_file>
      <input_file id="fl-c7">
         <path>C:\ti\ccs1250\ccs\tools\compiler\ti-cgt-arm_20.2.7.LTS\lib\</path>
         <kind>archive</kind>
         <file>rtsv7M4_T_le_v4SPD16_eabi.lib</file>
         <name>memset_t2.asm.obj</name>
      </input_file>
      <input_file id="fl-c8">
         <path>C:\ti\ccs1250\ccs\tools\compiler\ti-cgt-arm_20.2.7.LTS\lib\</path>
         <kind>archive</kind>
         <file>rtsv7M4_T_le_v4SPD16_eabi.lib</file>
         <name>autoinit.c.obj</name>
      </input_file>
      <input_file id="fl-c9">
         <path>C:\ti\ccs1250\ccs\tools\compiler\ti-cgt-arm_20.2.7.LTS\lib\</path>
         <kind>archive</kind>
         <file>rtsv7M4_T_le_v4SPD16_eabi.lib</file>
         <name>pre_init.c.obj</name>
      </input_file>
      <input_file id="fl-ca">
         <path>C:\ti\ccs1250\ccs\tools\compiler\ti-cgt-arm_20.2.7.LTS\lib\</path>
         <kind>archive</kind>
         <file>rtsv7M4_T_le_v4SPD16_eabi.lib</file>
         <name>cpy_tbl.c.obj</name>
      </input_file>
      <input_file id="fl-cb">
         <path>C:\ti\ccs1250\ccs\tools\compiler\ti-cgt-arm_20.2.7.LTS\lib\</path>
         <kind>archive</kind>
         <file>rtsv7M4_T_le_v4SPD16_eabi.lib</file>
         <name>exit.c.obj</name>
      </input_file>
      <input_file id="fl-cc">
         <path>C:\ti\ccs1250\ccs\tools\compiler\ti-cgt-arm_20.2.7.LTS\lib\</path>
         <kind>archive</kind>
         <file>rtsv7M4_T_le_v4SPD16_eabi.lib</file>
         <name>_lock.c.obj</name>
      </input_file>
      <input_file id="fl-cd">
         <path>C:\ti\ccs1250\ccs\tools\compiler\ti-cgt-arm_20.2.7.LTS\lib\</path>
         <kind>archive</kind>
         <file>rtsv7M4_T_le_v4SPD16_eabi.lib</file>
         <name>args_main.c.obj</name>
      </input_file>
   </input_file_list>
   <object_component_list>
      <object_component id="oc-12">
         <name>.intvecs</name>
         <load_address>0x0</load_address>
         <run_address>0x0</run_address>
         <size>0x26c</size>
         <input_file_ref idref="fl-3"/>
      </object_component>
      <object_component id="oc-9b">
         <name>.text</name>
         <load_address>0x26c</load_address>
         <run_address>0x26c</run_address>
         <size>0x144</size>
         <input_file_ref idref="fl-2"/>
      </object_component>
      <object_component id="oc-e1">
         <name>.text:GPIOPadConfigSet</name>
         <load_address>0x3b0</load_address>
         <run_address>0x3b0</run_address>
         <size>0x132</size>
         <input_file_ref idref="fl-9"/>
      </object_component>
      <object_component id="oc-c9">
         <name>.text:SysCtlClockSet</name>
         <load_address>0x4e4</load_address>
         <run_address>0x4e4</run_address>
         <size>0xf4</size>
         <input_file_ref idref="fl-b"/>
      </object_component>
      <object_component id="oc-cf">
         <name>.text:SysCtlPeripheralEnable</name>
         <load_address>0x5d8</load_address>
         <run_address>0x5d8</run_address>
         <size>0x34</size>
         <input_file_ref idref="fl-b"/>
      </object_component>
      <object_component id="oc-53">
         <name>.text:_c_int00_noinit_noargs:_c_int00_noinit_noargs</name>
         <load_address>0x60c</load_address>
         <run_address>0x60c</run_address>
         <size>0x2c</size>
         <input_file_ref idref="fl-c5"/>
      </object_component>
      <object_component id="oc-139">
         <name>.text:GPIODirModeSet</name>
         <load_address>0x638</load_address>
         <run_address>0x638</run_address>
         <size>0x2a</size>
         <input_file_ref idref="fl-9"/>
      </object_component>
      <object_component id="oc-d5">
         <name>.text:GPIOPinTypeGPIOOutput</name>
         <load_address>0x662</load_address>
         <run_address>0x662</run_address>
         <size>0x18</size>
         <input_file_ref idref="fl-9"/>
      </object_component>
      <object_component id="oc-db">
         <name>.text:GPIOPinTypeGPIOInput</name>
         <load_address>0x67a</load_address>
         <run_address>0x67a</run_address>
         <size>0x12</size>
         <input_file_ref idref="fl-9"/>
      </object_component>
      <object_component id="oc-27">
         <name>.text</name>
         <load_address>0x68c</load_address>
         <run_address>0x68c</run_address>
         <size>0xc</size>
         <input_file_ref idref="fl-3"/>
      </object_component>
      <object_component id="oc-c3">
         <name>.text:GPIOPinRead</name>
         <load_address>0x698</load_address>
         <run_address>0x698</run_address>
         <size>0x6</size>
         <input_file_ref idref="fl-9"/>
      </object_component>
      <object_component id="oc-e7">
         <name>.text:GPIOPinWrite</name>
         <load_address>0x69e</load_address>
         <run_address>0x69e</run_address>
         <size>0x6</size>
         <input_file_ref idref="fl-9"/>
      </object_component>
      <object_component id="oc-ed">
         <name>.text:SysCtlDelay</name>
         <load_address>0x6a4</load_address>
         <run_address>0x6a4</run_address>
         <size>0x6</size>
         <input_file_ref idref="fl-b"/>
      </object_component>
      <object_component id="oc-95">
         <name>.text:_system_pre_init</name>
         <load_address>0x6aa</load_address>
         <run_address>0x6aa</run_address>
         <size>0x4</size>
         <input_file_ref idref="fl-c9"/>
      </object_component>
      <object_component id="oc-ef">
         <name>.text:abort:abort</name>
         <load_address>0x6ae</load_address>
         <run_address>0x6ae</run_address>
         <size>0x4</size>
         <input_file_ref idref="fl-cb"/>
      </object_component>
      <object_component id="oc-24">
         <name>.stack</name>
         <uninitialized>true</uninitialized>
         <run_address>0x20000000</run_address>
         <size>0x4</size>
         <input_file_ref idref="fl-c5"/>
      </object_component>
      <object_component id="oc-1cd">
         <name>.stack</name>
         <uninitialized>true</uninitialized>
         <run_address>0x20000000</run_address>
         <size>0x0</size>
      </object_component>
      <object_component id="oc-b2">
         <name>.debug_info</name>
         <load_address>0x0</load_address>
         <run_address>0x0</run_address>
         <size>0x414</size>
         <input_file_ref idref="fl-2"/>
      </object_component>
      <object_component id="oc-9c">
         <name>.debug_info</name>
         <load_address>0x414</load_address>
         <run_address>0x414</run_address>
         <size>0x403</size>
         <input_file_ref idref="fl-2"/>
      </object_component>
      <object_component id="oc-70">
         <name>.debug_info</name>
         <load_address>0x817</load_address>
         <run_address>0x817</run_address>
         <size>0x26b</size>
         <input_file_ref idref="fl-2"/>
      </object_component>
      <object_component id="oc-36">
         <name>.debug_info</name>
         <load_address>0xa82</load_address>
         <run_address>0xa82</run_address>
         <size>0x84</size>
         <input_file_ref idref="fl-2"/>
      </object_component>
      <object_component id="oc-ad">
         <name>.debug_info</name>
         <load_address>0xb06</load_address>
         <run_address>0xb06</run_address>
         <size>0x2a4</size>
         <input_file_ref idref="fl-2"/>
      </object_component>
      <object_component id="oc-75">
         <name>.debug_info</name>
         <load_address>0xdaa</load_address>
         <run_address>0xdaa</run_address>
         <size>0xbb</size>
         <input_file_ref idref="fl-2"/>
      </object_component>
      <object_component id="oc-2f">
         <name>.debug_info</name>
         <load_address>0xe65</load_address>
         <run_address>0xe65</run_address>
         <size>0x2a9</size>
         <input_file_ref idref="fl-3"/>
      </object_component>
      <object_component id="oc-13">
         <name>.debug_info</name>
         <load_address>0x110e</load_address>
         <run_address>0x110e</run_address>
         <size>0xe8</size>
         <input_file_ref idref="fl-3"/>
      </object_component>
      <object_component id="oc-28">
         <name>.debug_info</name>
         <load_address>0x11f6</load_address>
         <run_address>0x11f6</run_address>
         <size>0x264</size>
         <input_file_ref idref="fl-3"/>
      </object_component>
      <object_component id="oc-135">
         <name>.debug_info</name>
         <load_address>0x145a</load_address>
         <run_address>0x145a</run_address>
         <size>0x240</size>
         <input_file_ref idref="fl-9"/>
      </object_component>
      <object_component id="oc-e8">
         <name>.debug_info</name>
         <load_address>0x169a</load_address>
         <run_address>0x169a</run_address>
         <size>0x2a3</size>
         <input_file_ref idref="fl-9"/>
      </object_component>
      <object_component id="oc-13b">
         <name>.debug_info</name>
         <load_address>0x193d</load_address>
         <run_address>0x193d</run_address>
         <size>0x2b3</size>
         <input_file_ref idref="fl-9"/>
      </object_component>
      <object_component id="oc-e3">
         <name>.debug_info</name>
         <load_address>0x1bf0</load_address>
         <run_address>0x1bf0</run_address>
         <size>0x316</size>
         <input_file_ref idref="fl-9"/>
      </object_component>
      <object_component id="oc-d6">
         <name>.debug_info</name>
         <load_address>0x1f06</load_address>
         <run_address>0x1f06</run_address>
         <size>0x2b7</size>
         <input_file_ref idref="fl-9"/>
      </object_component>
      <object_component id="oc-dc">
         <name>.debug_info</name>
         <load_address>0x21bd</load_address>
         <run_address>0x21bd</run_address>
         <size>0x285</size>
         <input_file_ref idref="fl-9"/>
      </object_component>
      <object_component id="oc-c4">
         <name>.debug_info</name>
         <load_address>0x2442</load_address>
         <run_address>0x2442</run_address>
         <size>0x27b</size>
         <input_file_ref idref="fl-9"/>
      </object_component>
      <object_component id="oc-142">
         <name>.debug_info</name>
         <load_address>0x26bd</load_address>
         <run_address>0x26bd</run_address>
         <size>0x8b</size>
         <input_file_ref idref="fl-9"/>
      </object_component>
      <object_component id="oc-130">
         <name>.debug_info</name>
         <load_address>0x2748</load_address>
         <run_address>0x2748</run_address>
         <size>0x18b</size>
         <input_file_ref idref="fl-9"/>
      </object_component>
      <object_component id="oc-137">
         <name>.debug_info</name>
         <load_address>0x28d3</load_address>
         <run_address>0x28d3</run_address>
         <size>0x298</size>
         <input_file_ref idref="fl-b"/>
      </object_component>
      <object_component id="oc-d1">
         <name>.debug_info</name>
         <load_address>0x2b6b</load_address>
         <run_address>0x2b6b</run_address>
         <size>0x27d</size>
         <input_file_ref idref="fl-b"/>
      </object_component>
      <object_component id="oc-ca">
         <name>.debug_info</name>
         <load_address>0x2de8</load_address>
         <run_address>0x2de8</run_address>
         <size>0x2db</size>
         <input_file_ref idref="fl-b"/>
      </object_component>
      <object_component id="oc-16c">
         <name>.debug_info</name>
         <load_address>0x30c3</load_address>
         <run_address>0x30c3</run_address>
         <size>0x5f</size>
         <input_file_ref idref="fl-b"/>
      </object_component>
      <object_component id="oc-25">
         <name>.debug_info</name>
         <load_address>0x3122</load_address>
         <run_address>0x3122</run_address>
         <size>0x10b</size>
         <input_file_ref idref="fl-c5"/>
      </object_component>
      <object_component id="oc-54">
         <name>.debug_info</name>
         <load_address>0x322d</load_address>
         <run_address>0x322d</run_address>
         <size>0x1a2</size>
         <input_file_ref idref="fl-c5"/>
      </object_component>
      <object_component id="oc-96">
         <name>.debug_info</name>
         <load_address>0x33cf</load_address>
         <run_address>0x33cf</run_address>
         <size>0x153</size>
         <input_file_ref idref="fl-c9"/>
      </object_component>
      <object_component id="oc-f0">
         <name>.debug_info</name>
         <load_address>0x3522</load_address>
         <run_address>0x3522</run_address>
         <size>0x122</size>
         <input_file_ref idref="fl-cb"/>
      </object_component>
      <object_component id="oc-1ce">
         <name>.debug_info</name>
         <load_address>0x3644</load_address>
         <run_address>0x3644</run_address>
         <size>0x9b</size>
      </object_component>
      <object_component id="oc-12e">
         <name>.debug_line</name>
         <load_address>0x0</load_address>
         <run_address>0x0</run_address>
         <size>0x8e</size>
         <input_file_ref idref="fl-2"/>
      </object_component>
      <object_component id="oc-a0">
         <name>.debug_line</name>
         <load_address>0x8e</load_address>
         <run_address>0x8e</run_address>
         <size>0xa1</size>
         <input_file_ref idref="fl-2"/>
      </object_component>
      <object_component id="oc-73">
         <name>.debug_line</name>
         <load_address>0x12f</load_address>
         <run_address>0x12f</run_address>
         <size>0x6f</size>
         <input_file_ref idref="fl-2"/>
      </object_component>
      <object_component id="oc-39">
         <name>.debug_line</name>
         <load_address>0x19e</load_address>
         <run_address>0x19e</run_address>
         <size>0x20</size>
         <input_file_ref idref="fl-2"/>
      </object_component>
      <object_component id="oc-b0">
         <name>.debug_line</name>
         <load_address>0x1be</load_address>
         <run_address>0x1be</run_address>
         <size>0x73</size>
         <input_file_ref idref="fl-2"/>
      </object_component>
      <object_component id="oc-78">
         <name>.debug_line</name>
         <load_address>0x231</load_address>
         <run_address>0x231</run_address>
         <size>0x70</size>
         <input_file_ref idref="fl-2"/>
      </object_component>
      <object_component id="oc-6f">
         <name>.debug_line</name>
         <load_address>0x2a1</load_address>
         <run_address>0x2a1</run_address>
         <size>0x41</size>
         <input_file_ref idref="fl-3"/>
      </object_component>
      <object_component id="oc-2e">
         <name>.debug_line</name>
         <load_address>0x2e2</load_address>
         <run_address>0x2e2</run_address>
         <size>0x41</size>
         <input_file_ref idref="fl-3"/>
      </object_component>
      <object_component id="oc-2c">
         <name>.debug_line</name>
         <load_address>0x323</load_address>
         <run_address>0x323</run_address>
         <size>0xa1</size>
         <input_file_ref idref="fl-3"/>
      </object_component>
      <object_component id="oc-169">
         <name>.debug_line</name>
         <load_address>0x3c4</load_address>
         <run_address>0x3c4</run_address>
         <size>0x82</size>
         <input_file_ref idref="fl-9"/>
      </object_component>
      <object_component id="oc-eb">
         <name>.debug_line</name>
         <load_address>0x446</load_address>
         <run_address>0x446</run_address>
         <size>0x92</size>
         <input_file_ref idref="fl-9"/>
      </object_component>
      <object_component id="oc-13a">
         <name>.debug_line</name>
         <load_address>0x4d8</load_address>
         <run_address>0x4d8</run_address>
         <size>0x95</size>
         <input_file_ref idref="fl-9"/>
      </object_component>
      <object_component id="oc-e2">
         <name>.debug_line</name>
         <load_address>0x56d</load_address>
         <run_address>0x56d</run_address>
         <size>0xd1</size>
         <input_file_ref idref="fl-9"/>
      </object_component>
      <object_component id="oc-d9">
         <name>.debug_line</name>
         <load_address>0x63e</load_address>
         <run_address>0x63e</run_address>
         <size>0x99</size>
         <input_file_ref idref="fl-9"/>
      </object_component>
      <object_component id="oc-df">
         <name>.debug_line</name>
         <load_address>0x6d7</load_address>
         <run_address>0x6d7</run_address>
         <size>0x93</size>
         <input_file_ref idref="fl-9"/>
      </object_component>
      <object_component id="oc-c7">
         <name>.debug_line</name>
         <load_address>0x76a</load_address>
         <run_address>0x76a</run_address>
         <size>0x92</size>
         <input_file_ref idref="fl-9"/>
      </object_component>
      <object_component id="oc-145">
         <name>.debug_line</name>
         <load_address>0x7fc</load_address>
         <run_address>0x7fc</run_address>
         <size>0x20</size>
         <input_file_ref idref="fl-9"/>
      </object_component>
      <object_component id="oc-133">
         <name>.debug_line</name>
         <load_address>0x81c</load_address>
         <run_address>0x81c</run_address>
         <size>0x69</size>
         <input_file_ref idref="fl-9"/>
      </object_component>
      <object_component id="oc-16b">
         <name>.debug_line</name>
         <load_address>0x885</load_address>
         <run_address>0x885</run_address>
         <size>0x13d</size>
         <input_file_ref idref="fl-b"/>
      </object_component>
      <object_component id="oc-d4">
         <name>.debug_line</name>
         <load_address>0x9c2</load_address>
         <run_address>0x9c2</run_address>
         <size>0x94</size>
         <input_file_ref idref="fl-b"/>
      </object_component>
      <object_component id="oc-cd">
         <name>.debug_line</name>
         <load_address>0xa56</load_address>
         <run_address>0xa56</run_address>
         <size>0xee</size>
         <input_file_ref idref="fl-b"/>
      </object_component>
      <object_component id="oc-16f">
         <name>.debug_line</name>
         <load_address>0xb44</load_address>
         <run_address>0xb44</run_address>
         <size>0x7f</size>
         <input_file_ref idref="fl-b"/>
      </object_component>
      <object_component id="oc-6c">
         <name>.debug_line</name>
         <load_address>0xbc3</load_address>
         <run_address>0xbc3</run_address>
         <size>0x33</size>
         <input_file_ref idref="fl-c5"/>
      </object_component>
      <object_component id="oc-57">
         <name>.debug_line</name>
         <load_address>0xbf6</load_address>
         <run_address>0xbf6</run_address>
         <size>0x48</size>
         <input_file_ref idref="fl-c5"/>
      </object_component>
      <object_component id="oc-99">
         <name>.debug_line</name>
         <load_address>0xc3e</load_address>
         <run_address>0xc3e</run_address>
         <size>0x40</size>
         <input_file_ref idref="fl-c9"/>
      </object_component>
      <object_component id="oc-f4">
         <name>.debug_line</name>
         <load_address>0xc7e</load_address>
         <run_address>0xc7e</run_address>
         <size>0x3c</size>
         <input_file_ref idref="fl-cb"/>
      </object_component>
      <object_component id="oc-9f">
         <name>.debug_frame</name>
         <load_address>0x0</load_address>
         <run_address>0x0</run_address>
         <size>0x8c</size>
         <input_file_ref idref="fl-2"/>
      </object_component>
      <object_component id="oc-2b">
         <name>.debug_frame</name>
         <load_address>0x8c</load_address>
         <run_address>0x8c</run_address>
         <size>0x90</size>
         <input_file_ref idref="fl-3"/>
      </object_component>
      <object_component id="oc-ec">
         <name>.debug_frame</name>
         <load_address>0x214</load_address>
         <run_address>0x214</run_address>
         <size>0x7f</size>
         <input_file_ref idref="fl-9"/>
      </object_component>
      <object_component id="oc-13e">
         <name>.debug_frame</name>
         <load_address>0x293</load_address>
         <run_address>0x293</run_address>
         <size>0x7f</size>
         <input_file_ref idref="fl-9"/>
      </object_component>
      <object_component id="oc-e6">
         <name>.debug_frame</name>
         <load_address>0x312</load_address>
         <run_address>0x312</run_address>
         <size>0x8f</size>
         <input_file_ref idref="fl-9"/>
      </object_component>
      <object_component id="oc-da">
         <name>.debug_frame</name>
         <load_address>0x3a1</load_address>
         <run_address>0x3a1</run_address>
         <size>0x8a</size>
         <input_file_ref idref="fl-9"/>
      </object_component>
      <object_component id="oc-e0">
         <name>.debug_frame</name>
         <load_address>0x42b</load_address>
         <run_address>0x42b</run_address>
         <size>0x86</size>
         <input_file_ref idref="fl-9"/>
      </object_component>
      <object_component id="oc-c8">
         <name>.debug_frame</name>
         <load_address>0x4b1</load_address>
         <run_address>0x4b1</run_address>
         <size>0x7f</size>
         <input_file_ref idref="fl-9"/>
      </object_component>
      <object_component id="oc-d0">
         <name>.debug_frame</name>
         <load_address>0x530</load_address>
         <run_address>0x530</run_address>
         <size>0x7f</size>
         <input_file_ref idref="fl-b"/>
      </object_component>
      <object_component id="oc-ce">
         <name>.debug_frame</name>
         <load_address>0x5af</load_address>
         <run_address>0x5af</run_address>
         <size>0x93</size>
         <input_file_ref idref="fl-b"/>
      </object_component>
      <object_component id="oc-58">
         <name>.debug_frame</name>
         <load_address>0x11c</load_address>
         <run_address>0x11c</run_address>
         <size>0x50</size>
         <input_file_ref idref="fl-c5"/>
      </object_component>
      <object_component id="oc-9a">
         <name>.debug_frame</name>
         <load_address>0x16c</load_address>
         <run_address>0x16c</run_address>
         <size>0x54</size>
         <input_file_ref idref="fl-c9"/>
      </object_component>
      <object_component id="oc-f3">
         <name>.debug_frame</name>
         <load_address>0x1c0</load_address>
         <run_address>0x1c0</run_address>
         <size>0x54</size>
         <input_file_ref idref="fl-cb"/>
      </object_component>
      <object_component id="oc-12d">
         <name>.debug_abbrev</name>
         <load_address>0x0</load_address>
         <run_address>0x0</run_address>
         <size>0x72</size>
         <input_file_ref idref="fl-2"/>
      </object_component>
      <object_component id="oc-ee">
         <name>.debug_abbrev</name>
         <load_address>0x72</load_address>
         <run_address>0x72</run_address>
         <size>0xa9</size>
         <input_file_ref idref="fl-2"/>
      </object_component>
      <object_component id="oc-72">
         <name>.debug_abbrev</name>
         <load_address>0x11b</load_address>
         <run_address>0x11b</run_address>
         <size>0x69</size>
         <input_file_ref idref="fl-2"/>
      </object_component>
      <object_component id="oc-38">
         <name>.debug_abbrev</name>
         <load_address>0x184</load_address>
         <run_address>0x184</run_address>
         <size>0x1f</size>
         <input_file_ref idref="fl-2"/>
      </object_component>
      <object_component id="oc-af">
         <name>.debug_abbrev</name>
         <load_address>0x1a3</load_address>
         <run_address>0x1a3</run_address>
         <size>0x5c</size>
         <input_file_ref idref="fl-2"/>
      </object_component>
      <object_component id="oc-77">
         <name>.debug_abbrev</name>
         <load_address>0x1ff</load_address>
         <run_address>0x1ff</run_address>
         <size>0x24</size>
         <input_file_ref idref="fl-2"/>
      </object_component>
      <object_component id="oc-6e">
         <name>.debug_abbrev</name>
         <load_address>0x223</load_address>
         <run_address>0x223</run_address>
         <size>0x68</size>
         <input_file_ref idref="fl-3"/>
      </object_component>
      <object_component id="oc-2d">
         <name>.debug_abbrev</name>
         <load_address>0x28b</load_address>
         <run_address>0x28b</run_address>
         <size>0x29</size>
         <input_file_ref idref="fl-3"/>
      </object_component>
      <object_component id="oc-6d">
         <name>.debug_abbrev</name>
         <load_address>0x2b4</load_address>
         <run_address>0x2b4</run_address>
         <size>0x79</size>
         <input_file_ref idref="fl-3"/>
      </object_component>
      <object_component id="oc-168">
         <name>.debug_abbrev</name>
         <load_address>0x32d</load_address>
         <run_address>0x32d</run_address>
         <size>0x72</size>
         <input_file_ref idref="fl-9"/>
      </object_component>
      <object_component id="oc-147">
         <name>.debug_abbrev</name>
         <load_address>0x39f</load_address>
         <run_address>0x39f</run_address>
         <size>0x6c</size>
         <input_file_ref idref="fl-9"/>
      </object_component>
      <object_component id="oc-171">
         <name>.debug_abbrev</name>
         <load_address>0x40b</load_address>
         <run_address>0x40b</run_address>
         <size>0x6c</size>
         <input_file_ref idref="fl-9"/>
      </object_component>
      <object_component id="oc-141">
         <name>.debug_abbrev</name>
         <load_address>0x477</load_address>
         <run_address>0x477</run_address>
         <size>0x6c</size>
         <input_file_ref idref="fl-9"/>
      </object_component>
      <object_component id="oc-13f">
         <name>.debug_abbrev</name>
         <load_address>0x4e3</load_address>
         <run_address>0x4e3</run_address>
         <size>0x7a</size>
         <input_file_ref idref="fl-9"/>
      </object_component>
      <object_component id="oc-140">
         <name>.debug_abbrev</name>
         <load_address>0x55d</load_address>
         <run_address>0x55d</run_address>
         <size>0x6c</size>
         <input_file_ref idref="fl-9"/>
      </object_component>
      <object_component id="oc-12f">
         <name>.debug_abbrev</name>
         <load_address>0x5c9</load_address>
         <run_address>0x5c9</run_address>
         <size>0x6e</size>
         <input_file_ref idref="fl-9"/>
      </object_component>
      <object_component id="oc-144">
         <name>.debug_abbrev</name>
         <load_address>0x637</load_address>
         <run_address>0x637</run_address>
         <size>0x1f</size>
         <input_file_ref idref="fl-9"/>
      </object_component>
      <object_component id="oc-132">
         <name>.debug_abbrev</name>
         <load_address>0x656</load_address>
         <run_address>0x656</run_address>
         <size>0x35</size>
         <input_file_ref idref="fl-9"/>
      </object_component>
      <object_component id="oc-16a">
         <name>.debug_abbrev</name>
         <load_address>0x68b</load_address>
         <run_address>0x68b</run_address>
         <size>0xb0</size>
         <input_file_ref idref="fl-b"/>
      </object_component>
      <object_component id="oc-138">
         <name>.debug_abbrev</name>
         <load_address>0x73b</load_address>
         <run_address>0x73b</run_address>
         <size>0x6c</size>
         <input_file_ref idref="fl-b"/>
      </object_component>
      <object_component id="oc-136">
         <name>.debug_abbrev</name>
         <load_address>0x7a7</load_address>
         <run_address>0x7a7</run_address>
         <size>0x7a</size>
         <input_file_ref idref="fl-b"/>
      </object_component>
      <object_component id="oc-16e">
         <name>.debug_abbrev</name>
         <load_address>0x821</load_address>
         <run_address>0x821</run_address>
         <size>0x49</size>
         <input_file_ref idref="fl-b"/>
      </object_component>
      <object_component id="oc-6b">
         <name>.debug_abbrev</name>
         <load_address>0x86a</load_address>
         <run_address>0x86a</run_address>
         <size>0x29</size>
         <input_file_ref idref="fl-c5"/>
      </object_component>
      <object_component id="oc-a2">
         <name>.debug_abbrev</name>
         <load_address>0x893</load_address>
         <run_address>0x893</run_address>
         <size>0x55</size>
         <input_file_ref idref="fl-c5"/>
      </object_component>
      <object_component id="oc-c2">
         <name>.debug_abbrev</name>
         <load_address>0x8e8</load_address>
         <run_address>0x8e8</run_address>
         <size>0x55</size>
         <input_file_ref idref="fl-c9"/>
      </object_component>
      <object_component id="oc-148">
         <name>.debug_abbrev</name>
         <load_address>0x93d</load_address>
         <run_address>0x93d</run_address>
         <size>0x45</size>
         <input_file_ref idref="fl-cb"/>
      </object_component>
      <object_component id="oc-1cf">
         <name>.debug_abbrev</name>
         <load_address>0x982</load_address>
         <run_address>0x982</run_address>
         <size>0xf</size>
      </object_component>
      <object_component id="oc-74">
         <name>.debug_str</name>
         <load_address>0x0</load_address>
         <run_address>0x0</run_address>
         <size>0x2ac</size>
         <input_file_ref idref="fl-2"/>
      </object_component>
      <object_component id="oc-3a">
         <name>.debug_str</name>
         <load_address>0x2ac</load_address>
         <run_address>0x2ac</run_address>
         <size>0xfd</size>
         <input_file_ref idref="fl-2"/>
      </object_component>
      <object_component id="oc-b1">
         <name>.debug_str</name>
         <load_address>0x3a9</load_address>
         <run_address>0x3a9</run_address>
         <size>0x342</size>
         <input_file_ref idref="fl-2"/>
      </object_component>
      <object_component id="oc-79">
         <name>.debug_str</name>
         <load_address>0x6eb</load_address>
         <run_address>0x6eb</run_address>
         <size>0x144</size>
         <input_file_ref idref="fl-2"/>
      </object_component>
      <object_component id="oc-146">
         <name>.debug_str</name>
         <load_address>0x82f</load_address>
         <run_address>0x82f</run_address>
         <size>0xf5</size>
         <input_file_ref idref="fl-9"/>
      </object_component>
      <object_component id="oc-134">
         <name>.debug_str</name>
         <load_address>0x924</load_address>
         <run_address>0x924</run_address>
         <size>0x241</size>
         <input_file_ref idref="fl-9"/>
      </object_component>
      <object_component id="oc-170">
         <name>.debug_str</name>
         <load_address>0xb65</load_address>
         <run_address>0xb65</run_address>
         <size>0x141</size>
         <input_file_ref idref="fl-b"/>
      </object_component>
      <object_component id="oc-9d">
         <name>.debug_aranges</name>
         <load_address>0x0</load_address>
         <run_address>0x0</run_address>
         <size>0x30</size>
         <input_file_ref idref="fl-2"/>
      </object_component>
      <object_component id="oc-29">
         <name>.debug_aranges</name>
         <load_address>0x30</load_address>
         <run_address>0x30</run_address>
         <size>0x38</size>
         <input_file_ref idref="fl-3"/>
      </object_component>
      <object_component id="oc-e9">
         <name>.debug_aranges</name>
         <load_address>0x68</load_address>
         <run_address>0x68</run_address>
         <size>0x20</size>
         <input_file_ref idref="fl-9"/>
      </object_component>
      <object_component id="oc-13c">
         <name>.debug_aranges</name>
         <load_address>0x88</load_address>
         <run_address>0x88</run_address>
         <size>0x20</size>
         <input_file_ref idref="fl-9"/>
      </object_component>
      <object_component id="oc-e4">
         <name>.debug_aranges</name>
         <load_address>0xa8</load_address>
         <run_address>0xa8</run_address>
         <size>0x20</size>
         <input_file_ref idref="fl-9"/>
      </object_component>
      <object_component id="oc-d7">
         <name>.debug_aranges</name>
         <load_address>0xc8</load_address>
         <run_address>0xc8</run_address>
         <size>0x20</size>
         <input_file_ref idref="fl-9"/>
      </object_component>
      <object_component id="oc-dd">
         <name>.debug_aranges</name>
         <load_address>0xe8</load_address>
         <run_address>0xe8</run_address>
         <size>0x20</size>
         <input_file_ref idref="fl-9"/>
      </object_component>
      <object_component id="oc-c6">
         <name>.debug_aranges</name>
         <load_address>0x108</load_address>
         <run_address>0x108</run_address>
         <size>0x20</size>
         <input_file_ref idref="fl-9"/>
      </object_component>
      <object_component id="oc-d2">
         <name>.debug_aranges</name>
         <load_address>0x128</load_address>
         <run_address>0x128</run_address>
         <size>0x20</size>
         <input_file_ref idref="fl-b"/>
      </object_component>
      <object_component id="oc-cb">
         <name>.debug_aranges</name>
         <load_address>0x148</load_address>
         <run_address>0x148</run_address>
         <size>0x20</size>
         <input_file_ref idref="fl-b"/>
      </object_component>
      <object_component id="oc-56">
         <name>.debug_aranges</name>
         <load_address>0x168</load_address>
         <run_address>0x168</run_address>
         <size>0x20</size>
         <input_file_ref idref="fl-c5"/>
      </object_component>
      <object_component id="oc-97">
         <name>.debug_aranges</name>
         <load_address>0x188</load_address>
         <run_address>0x188</run_address>
         <size>0x20</size>
         <input_file_ref idref="fl-c9"/>
      </object_component>
      <object_component id="oc-f1">
         <name>.debug_aranges</name>
         <load_address>0x1a8</load_address>
         <run_address>0x1a8</run_address>
         <size>0x20</size>
         <input_file_ref idref="fl-cb"/>
      </object_component>
      <object_component id="oc-9e">
         <name>.debug_pubnames</name>
         <load_address>0x0</load_address>
         <run_address>0x0</run_address>
         <size>0x32</size>
         <input_file_ref idref="fl-2"/>
      </object_component>
      <object_component id="oc-14">
         <name>.debug_pubnames</name>
         <load_address>0x32</load_address>
         <run_address>0x32</run_address>
         <size>0x23</size>
         <input_file_ref idref="fl-3"/>
      </object_component>
      <object_component id="oc-2a">
         <name>.debug_pubnames</name>
         <load_address>0x55</load_address>
         <run_address>0x55</run_address>
         <size>0x4c</size>
         <input_file_ref idref="fl-3"/>
      </object_component>
      <object_component id="oc-ea">
         <name>.debug_pubnames</name>
         <load_address>0xa1</load_address>
         <run_address>0xa1</run_address>
         <size>0x23</size>
         <input_file_ref idref="fl-9"/>
      </object_component>
      <object_component id="oc-13d">
         <name>.debug_pubnames</name>
         <load_address>0xc4</load_address>
         <run_address>0xc4</run_address>
         <size>0x25</size>
         <input_file_ref idref="fl-9"/>
      </object_component>
      <object_component id="oc-e5">
         <name>.debug_pubnames</name>
         <load_address>0xe9</load_address>
         <run_address>0xe9</run_address>
         <size>0x27</size>
         <input_file_ref idref="fl-9"/>
      </object_component>
      <object_component id="oc-d8">
         <name>.debug_pubnames</name>
         <load_address>0x110</load_address>
         <run_address>0x110</run_address>
         <size>0x2c</size>
         <input_file_ref idref="fl-9"/>
      </object_component>
      <object_component id="oc-de">
         <name>.debug_pubnames</name>
         <load_address>0x13c</load_address>
         <run_address>0x13c</run_address>
         <size>0x2b</size>
         <input_file_ref idref="fl-9"/>
      </object_component>
      <object_component id="oc-c5">
         <name>.debug_pubnames</name>
         <load_address>0x167</load_address>
         <run_address>0x167</run_address>
         <size>0x22</size>
         <input_file_ref idref="fl-9"/>
      </object_component>
      <object_component id="oc-d3">
         <name>.debug_pubnames</name>
         <load_address>0x189</load_address>
         <run_address>0x189</run_address>
         <size>0x2d</size>
         <input_file_ref idref="fl-b"/>
      </object_component>
      <object_component id="oc-cc">
         <name>.debug_pubnames</name>
         <load_address>0x1b6</load_address>
         <run_address>0x1b6</run_address>
         <size>0x25</size>
         <input_file_ref idref="fl-b"/>
      </object_component>
      <object_component id="oc-26">
         <name>.debug_pubnames</name>
         <load_address>0x1db</load_address>
         <run_address>0x1db</run_address>
         <size>0x1e</size>
         <input_file_ref idref="fl-c5"/>
      </object_component>
      <object_component id="oc-55">
         <name>.debug_pubnames</name>
         <load_address>0x1f9</load_address>
         <run_address>0x1f9</run_address>
         <size>0x2d</size>
         <input_file_ref idref="fl-c5"/>
      </object_component>
      <object_component id="oc-98">
         <name>.debug_pubnames</name>
         <load_address>0x226</load_address>
         <run_address>0x226</run_address>
         <size>0x27</size>
         <input_file_ref idref="fl-c9"/>
      </object_component>
      <object_component id="oc-f2">
         <name>.debug_pubnames</name>
         <load_address>0x24d</load_address>
         <run_address>0x24d</run_address>
         <size>0x1c</size>
         <input_file_ref idref="fl-cb"/>
      </object_component>
      <object_component id="oc-71">
         <name>.debug_pubtypes</name>
         <load_address>0x0</load_address>
         <run_address>0x0</run_address>
         <size>0x25c</size>
         <input_file_ref idref="fl-2"/>
      </object_component>
      <object_component id="oc-37">
         <name>.debug_pubtypes</name>
         <load_address>0x25c</load_address>
         <run_address>0x25c</run_address>
         <size>0xed</size>
         <input_file_ref idref="fl-2"/>
      </object_component>
      <object_component id="oc-ae">
         <name>.debug_pubtypes</name>
         <load_address>0x349</load_address>
         <run_address>0x349</run_address>
         <size>0x330</size>
         <input_file_ref idref="fl-2"/>
      </object_component>
      <object_component id="oc-76">
         <name>.debug_pubtypes</name>
         <load_address>0x679</load_address>
         <run_address>0x679</run_address>
         <size>0xaa</size>
         <input_file_ref idref="fl-2"/>
      </object_component>
      <object_component id="oc-143">
         <name>.debug_pubtypes</name>
         <load_address>0x723</load_address>
         <run_address>0x723</run_address>
         <size>0xff</size>
         <input_file_ref idref="fl-9"/>
      </object_component>
      <object_component id="oc-131">
         <name>.debug_pubtypes</name>
         <load_address>0x822</load_address>
         <run_address>0x822</run_address>
         <size>0x1c6</size>
         <input_file_ref idref="fl-9"/>
      </object_component>
      <object_component id="oc-16d">
         <name>.debug_pubtypes</name>
         <load_address>0x9e8</load_address>
         <run_address>0x9e8</run_address>
         <size>0x28</size>
         <input_file_ref idref="fl-b"/>
      </object_component>
   </object_component_list>
   <logical_group_list>
      <logical_group id="lg-3" display="no" color="cyan">
         <name>.intvecs</name>
         <load_address>0x0</load_address>
         <run_address>0x0</run_address>
         <size>0x26c</size>
         <contents>
            <object_component_ref idref="oc-12"/>
         </contents>
      </logical_group>
      <logical_group id="lg-4" display="no" color="cyan">
         <name>.text</name>
         <load_address>0x26c</load_address>
         <run_address>0x26c</run_address>
         <size>0x446</size>
         <contents>
            <object_component_ref idref="oc-9b"/>
            <object_component_ref idref="oc-e1"/>
            <object_component_ref idref="oc-c9"/>
            <object_component_ref idref="oc-cf"/>
            <object_component_ref idref="oc-53"/>
            <object_component_ref idref="oc-139"/>
            <object_component_ref idref="oc-d5"/>
            <object_component_ref idref="oc-db"/>
            <object_component_ref idref="oc-27"/>
            <object_component_ref idref="oc-c3"/>
            <object_component_ref idref="oc-e7"/>
            <object_component_ref idref="oc-ed"/>
            <object_component_ref idref="oc-95"/>
            <object_component_ref idref="oc-ef"/>
         </contents>
      </logical_group>
      <logical_group id="lg-5" display="no" color="cyan">
         <name>.const</name>
         <run_address>0x0</run_address>
         <size>0x0</size>
         <contents>
         </contents>
      </logical_group>
      <logical_group id="lg-6" display="no" color="cyan">
         <name>.cinit</name>
         <run_address>0x0</run_address>
         <size>0x0</size>
         <contents>
         </contents>
      </logical_group>
      <logical_group id="lg-7" display="no" color="cyan">
         <name>.pinit</name>
         <run_address>0x0</run_address>
         <size>0x0</size>
         <contents>
         </contents>
      </logical_group>
      <logical_group id="lg-8" display="no" color="cyan">
         <name>.init_array</name>
         <run_address>0x0</run_address>
         <size>0x0</size>
         <contents>
         </contents>
      </logical_group>
      <logical_group id="lg-9" display="no" color="cyan">
         <name>.vtable</name>
         <run_address>0x0</run_address>
         <size>0x0</size>
         <contents>
         </contents>
      </logical_group>
      <logical_group id="lg-a" display="no" color="cyan">
         <name>.data</name>
         <run_address>0x0</run_address>
         <size>0x0</size>
         <contents>
         </contents>
      </logical_group>
      <logical_group id="lg-b" display="no" color="cyan">
         <name>.bss</name>
         <run_address>0x0</run_address>
         <size>0x0</size>
         <contents>
         </contents>
      </logical_group>
      <logical_group id="lg-c" display="no" color="cyan">
         <name>.sysmem</name>
         <run_address>0x0</run_address>
         <size>0x0</size>
         <contents>
         </contents>
      </logical_group>
      <logical_group id="lg-d" display="no" color="cyan">
         <name>.stack</name>
         <run_address>0x20000000</run_address>
         <size>0x200</size>
         <contents>
            <object_component_ref idref="oc-24"/>
            <object_component_ref idref="oc-1cd"/>
         </contents>
      </logical_group>
      <logical_group id="lg-1a2" display="no" color="cyan">
         <name>.TI.noinit</name>
         <run_address>0x0</run_address>
         <size>0x0</size>
         <contents>
         </contents>
      </logical_group>
      <logical_group id="lg-1a3" display="no" color="cyan">
         <name>.TI.persistent</name>
         <run_address>0x0</run_address>
         <size>0x0</size>
         <contents>
         </contents>
      </logical_group>
      <logical_group id="lg-1a4" display="no" color="cyan">
         <name>__llvm_prf_cnts</name>
         <run_address>0x20000000</run_address>
         <size>0x0</size>
         <contents>
         </contents>
      </logical_group>
      <logical_group id="lg-1b3" display="never" color="cyan">
         <name>.debug_info</name>
         <load_address>0x0</load_address>
         <run_address>0x0</run_address>
         <size>0x36df</size>
         <contents>
            <object_component_ref idref="oc-b2"/>
            <object_component_ref idref="oc-9c"/>
            <object_component_ref idref="oc-70"/>
            <object_component_ref idref="oc-36"/>
            <object_component_ref idref="oc-ad"/>
            <object_component_ref idref="oc-75"/>
            <object_component_ref idref="oc-2f"/>
            <object_component_ref idref="oc-13"/>
            <object_component_ref idref="oc-28"/>
            <object_component_ref idref="oc-135"/>
            <object_component_ref idref="oc-e8"/>
            <object_component_ref idref="oc-13b"/>
            <object_component_ref idref="oc-e3"/>
            <object_component_ref idref="oc-d6"/>
            <object_component_ref idref="oc-dc"/>
            <object_component_ref idref="oc-c4"/>
            <object_component_ref idref="oc-142"/>
            <object_component_ref idref="oc-130"/>
            <object_component_ref idref="oc-137"/>
            <object_component_ref idref="oc-d1"/>
            <object_component_ref idref="oc-ca"/>
            <object_component_ref idref="oc-16c"/>
            <object_component_ref idref="oc-25"/>
            <object_component_ref idref="oc-54"/>
            <object_component_ref idref="oc-96"/>
            <object_component_ref idref="oc-f0"/>
            <object_component_ref idref="oc-1ce"/>
         </contents>
      </logical_group>
      <logical_group id="lg-1b5" display="never" color="cyan">
         <name>.debug_line</name>
         <load_address>0x0</load_address>
         <run_address>0x0</run_address>
         <size>0xcba</size>
         <contents>
            <object_component_ref idref="oc-12e"/>
            <object_component_ref idref="oc-a0"/>
            <object_component_ref idref="oc-73"/>
            <object_component_ref idref="oc-39"/>
            <object_component_ref idref="oc-b0"/>
            <object_component_ref idref="oc-78"/>
            <object_component_ref idref="oc-6f"/>
            <object_component_ref idref="oc-2e"/>
            <object_component_ref idref="oc-2c"/>
            <object_component_ref idref="oc-169"/>
            <object_component_ref idref="oc-eb"/>
            <object_component_ref idref="oc-13a"/>
            <object_component_ref idref="oc-e2"/>
            <object_component_ref idref="oc-d9"/>
            <object_component_ref idref="oc-df"/>
            <object_component_ref idref="oc-c7"/>
            <object_component_ref idref="oc-145"/>
            <object_component_ref idref="oc-133"/>
            <object_component_ref idref="oc-16b"/>
            <object_component_ref idref="oc-d4"/>
            <object_component_ref idref="oc-cd"/>
            <object_component_ref idref="oc-16f"/>
            <object_component_ref idref="oc-6c"/>
            <object_component_ref idref="oc-57"/>
            <object_component_ref idref="oc-99"/>
            <object_component_ref idref="oc-f4"/>
         </contents>
      </logical_group>
      <logical_group id="lg-1b7" display="never" color="cyan">
         <name>.debug_frame</name>
         <load_address>0x0</load_address>
         <run_address>0x0</run_address>
         <size>0x642</size>
         <contents>
            <object_component_ref idref="oc-9f"/>
            <object_component_ref idref="oc-2b"/>
            <object_component_ref idref="oc-ec"/>
            <object_component_ref idref="oc-13e"/>
            <object_component_ref idref="oc-e6"/>
            <object_component_ref idref="oc-da"/>
            <object_component_ref idref="oc-e0"/>
            <object_component_ref idref="oc-c8"/>
            <object_component_ref idref="oc-d0"/>
            <object_component_ref idref="oc-ce"/>
            <object_component_ref idref="oc-58"/>
            <object_component_ref idref="oc-9a"/>
            <object_component_ref idref="oc-f3"/>
         </contents>
      </logical_group>
      <logical_group id="lg-1b9" display="never" color="cyan">
         <name>.debug_abbrev</name>
         <load_address>0x0</load_address>
         <run_address>0x0</run_address>
         <size>0x991</size>
         <contents>
            <object_component_ref idref="oc-12d"/>
            <object_component_ref idref="oc-ee"/>
            <object_component_ref idref="oc-72"/>
            <object_component_ref idref="oc-38"/>
            <object_component_ref idref="oc-af"/>
            <object_component_ref idref="oc-77"/>
            <object_component_ref idref="oc-6e"/>
            <object_component_ref idref="oc-2d"/>
            <object_component_ref idref="oc-6d"/>
            <object_component_ref idref="oc-168"/>
            <object_component_ref idref="oc-147"/>
            <object_component_ref idref="oc-171"/>
            <object_component_ref idref="oc-141"/>
            <object_component_ref idref="oc-13f"/>
            <object_component_ref idref="oc-140"/>
            <object_component_ref idref="oc-12f"/>
            <object_component_ref idref="oc-144"/>
            <object_component_ref idref="oc-132"/>
            <object_component_ref idref="oc-16a"/>
            <object_component_ref idref="oc-138"/>
            <object_component_ref idref="oc-136"/>
            <object_component_ref idref="oc-16e"/>
            <object_component_ref idref="oc-6b"/>
            <object_component_ref idref="oc-a2"/>
            <object_component_ref idref="oc-c2"/>
            <object_component_ref idref="oc-148"/>
            <object_component_ref idref="oc-1cf"/>
         </contents>
      </logical_group>
      <logical_group id="lg-1bb" display="never" color="cyan">
         <name>.debug_str</name>
         <load_address>0x0</load_address>
         <run_address>0x0</run_address>
         <size>0xca6</size>
         <contents>
            <object_component_ref idref="oc-74"/>
            <object_component_ref idref="oc-3a"/>
            <object_component_ref idref="oc-b1"/>
            <object_component_ref idref="oc-79"/>
            <object_component_ref idref="oc-146"/>
            <object_component_ref idref="oc-134"/>
            <object_component_ref idref="oc-170"/>
         </contents>
      </logical_group>
      <logical_group id="lg-1bd" display="never" color="cyan">
         <name>.debug_aranges</name>
         <load_address>0x0</load_address>
         <run_address>0x0</run_address>
         <size>0x1c8</size>
         <contents>
            <object_component_ref idref="oc-9d"/>
            <object_component_ref idref="oc-29"/>
            <object_component_ref idref="oc-e9"/>
            <object_component_ref idref="oc-13c"/>
            <object_component_ref idref="oc-e4"/>
            <object_component_ref idref="oc-d7"/>
            <object_component_ref idref="oc-dd"/>
            <object_component_ref idref="oc-c6"/>
            <object_component_ref idref="oc-d2"/>
            <object_component_ref idref="oc-cb"/>
            <object_component_ref idref="oc-56"/>
            <object_component_ref idref="oc-97"/>
            <object_component_ref idref="oc-f1"/>
         </contents>
      </logical_group>
      <logical_group id="lg-1bf" display="never" color="cyan">
         <name>.debug_pubnames</name>
         <load_address>0x0</load_address>
         <run_address>0x0</run_address>
         <size>0x269</size>
         <contents>
            <object_component_ref idref="oc-9e"/>
            <object_component_ref idref="oc-14"/>
            <object_component_ref idref="oc-2a"/>
            <object_component_ref idref="oc-ea"/>
            <object_component_ref idref="oc-13d"/>
            <object_component_ref idref="oc-e5"/>
            <object_component_ref idref="oc-d8"/>
            <object_component_ref idref="oc-de"/>
            <object_component_ref idref="oc-c5"/>
            <object_component_ref idref="oc-d3"/>
            <object_component_ref idref="oc-cc"/>
            <object_component_ref idref="oc-26"/>
            <object_component_ref idref="oc-55"/>
            <object_component_ref idref="oc-98"/>
            <object_component_ref idref="oc-f2"/>
         </contents>
      </logical_group>
      <logical_group id="lg-1c1" display="never" color="cyan">
         <name>.debug_pubtypes</name>
         <load_address>0x0</load_address>
         <run_address>0x0</run_address>
         <size>0xa10</size>
         <contents>
            <object_component_ref idref="oc-71"/>
            <object_component_ref idref="oc-37"/>
            <object_component_ref idref="oc-ae"/>
            <object_component_ref idref="oc-76"/>
            <object_component_ref idref="oc-143"/>
            <object_component_ref idref="oc-131"/>
            <object_component_ref idref="oc-16d"/>
         </contents>
      </logical_group>
      <logical_group id="lg-1cc" display="no" color="cyan">
         <name>Veneer$$CMSE</name>
         <run_address>0x0</run_address>
         <size>0x0</size>
         <contents>
         </contents>
      </logical_group>
      <load_segment id="lg-1d1" display="no" color="cyan">
         <name>SEGMENT_0</name>
         <load_address>0x0</load_address>
         <run_address>0x0</run_address>
         <size>0x6b2</size>
         <flags>0x5</flags>
         <contents>
            <logical_group_ref idref="lg-3"/>
            <logical_group_ref idref="lg-4"/>
         </contents>
      </load_segment>
      <load_segment id="lg-1d2" display="no" color="cyan">
         <name>SEGMENT_1</name>
         <run_address>0x20000000</run_address>
         <size>0x200</size>
         <flags>0x6</flags>
         <contents>
            <logical_group_ref idref="lg-d"/>
         </contents>
      </load_segment>
   </logical_group_list>
   <placement_map>
      <memory_area display="yes" color="green">
         <name>FLASH</name>
         <page_id>0x0</page_id>
         <origin>0x0</origin>
         <length>0x40000</length>
         <used_space>0x6b2</used_space>
         <unused_space>0x3f94e</unused_space>
         <attributes>RX</attributes>
         <usage_details>
            <allocated_space>
               <start_address>0x0</start_address>
               <size>0x26c</size>
               <logical_group_ref idref="lg-3"/>
            </allocated_space>
            <allocated_space>
               <start_address>0x26c</start_address>
               <size>0x446</size>
               <logical_group_ref idref="lg-4"/>
            </allocated_space>
            <available_space>
               <start_address>0x6b2</start_address>
               <size>0x3f94e</size>
            </available_space>
         </usage_details>
      </memory_area>
      <memory_area display="yes" color="green">
         <name>SRAM</name>
         <page_id>0x0</page_id>
         <origin>0x20000000</origin>
         <length>0x8000</length>
         <used_space>0x200</used_space>
         <unused_space>0x7e00</unused_space>
         <attributes>RWX</attributes>
         <usage_details>
            <allocated_space>
               <start_address>0x20000000</start_address>
               <size>0x0</size>
               <logical_group_ref idref="lg-1a4"/>
            </allocated_space>
            <allocated_space>
               <start_address>0x20000000</start_address>
               <size>0x200</size>
               <logical_group_ref idref="lg-d"/>
            </allocated_space>
            <available_space>
               <start_address>0x20000200</start_address>
               <size>0x7e00</size>
            </available_space>
         </usage_details>
      </memory_area>
   </placement_map>
   <symbol_table>
      <symbol id="sm-1">
         <name>__STACK_TOP</name>
         <value>0x20000200</value>
      </symbol>
      <symbol id="sm-2">
         <name>__start___llvm_prf_cnts</name>
         <value>0x20000000</value>
      </symbol>
      <symbol id="sm-3">
         <name>__stop___llvm_prf_cnts</name>
         <value>0x20000000</value>
      </symbol>
      <symbol id="sm-4">
         <name>binit</name>
         <value>0xffffffff</value>
      </symbol>
      <symbol id="sm-5">
         <name>__binit__</name>
         <value>0xffffffff</value>
      </symbol>
      <symbol id="sm-6">
         <name>__STACK_SIZE</name>
         <value>0x200</value>
      </symbol>
      <symbol id="sm-7">
         <name>__STACK_END</name>
         <value>0x20000200</value>
      </symbol>
      <symbol id="sm-8">
         <name>__c_args__</name>
         <value>0xffffffff</value>
      </symbol>
      <symbol id="sm-9">
         <name>__TI_pprof_out_hndl</name>
         <value>0xffffffff</value>
      </symbol>
      <symbol id="sm-a">
         <name>__TI_prof_data_start</name>
         <value>0xffffffff</value>
      </symbol>
      <symbol id="sm-b">
         <name>__TI_prof_data_size</name>
         <value>0xffffffff</value>
      </symbol>
      <symbol id="sm-c">
         <name>__TI_static_base__</name>
         <value>0x0</value>
      </symbol>
      <symbol id="sm-51">
         <name>main</name>
         <value>0x2ad</value>
         <object_component_ref idref="oc-9b"/>
      </symbol>
      <symbol id="sm-52">
         <name>delay</name>
         <value>0x26d</value>
         <object_component_ref idref="oc-9b"/>
      </symbol>
      <symbol id="sm-53">
         <name>debounce</name>
         <value>0x289</value>
         <object_component_ref idref="oc-9b"/>
      </symbol>
      <symbol id="sm-6f">
         <name>ResetISR</name>
         <value>0x68d</value>
         <object_component_ref idref="oc-27"/>
      </symbol>
      <symbol id="sm-70">
         <name>g_pfnVectors</name>
         <value>0x0</value>
         <object_component_ref idref="oc-12"/>
      </symbol>
      <symbol id="sm-b2">
         <name>GPIOPinTypeGPIOInput</name>
         <value>0x67b</value>
         <object_component_ref idref="oc-db"/>
      </symbol>
      <symbol id="sm-b3">
         <name>GPIOPinTypeGPIOOutput</name>
         <value>0x663</value>
         <object_component_ref idref="oc-d5"/>
      </symbol>
      <symbol id="sm-b4">
         <name>GPIOPinRead</name>
         <value>0x699</value>
         <object_component_ref idref="oc-c3"/>
      </symbol>
      <symbol id="sm-b5">
         <name>GPIODirModeSet</name>
         <value>0x639</value>
         <object_component_ref idref="oc-139"/>
      </symbol>
      <symbol id="sm-b6">
         <name>GPIOPinWrite</name>
         <value>0x69f</value>
         <object_component_ref idref="oc-e7"/>
      </symbol>
      <symbol id="sm-b7">
         <name>GPIOPadConfigSet</name>
         <value>0x3b1</value>
         <object_component_ref idref="oc-e1"/>
      </symbol>
      <symbol id="sm-e4">
         <name>SysCtlClockSet</name>
         <value>0x4e5</value>
         <object_component_ref idref="oc-c9"/>
      </symbol>
      <symbol id="sm-e5">
         <name>SysCtlDelay</name>
         <value>0x6a5</value>
         <object_component_ref idref="oc-ed"/>
      </symbol>
      <symbol id="sm-e6">
         <name>SysCtlPeripheralEnable</name>
         <value>0x5d9</value>
         <object_component_ref idref="oc-cf"/>
      </symbol>
      <symbol id="sm-fc">
         <name>_c_int00_noinit_noargs</name>
         <value>0x60d</value>
         <object_component_ref idref="oc-53"/>
      </symbol>
      <symbol id="sm-fd">
         <name>__stack</name>
         <value>0x20000000</value>
         <object_component_ref idref="oc-24"/>
      </symbol>
      <symbol id="sm-10a">
         <name>_system_pre_init</name>
         <value>0x6ab</value>
         <object_component_ref idref="oc-95"/>
      </symbol>
      <symbol id="sm-116">
         <name>C$$EXIT</name>
         <value>0x6af</value>
         <object_component_ref idref="oc-ef"/>
      </symbol>
      <symbol id="sm-117">
         <name>abort</name>
         <value>0x6af</value>
         <object_component_ref idref="oc-ef"/>
      </symbol>
      <symbol id="sm-11a">
         <name>__mpu_init</name>
         <value>0x0</value>
      </symbol>
   </symbol_table>
   <title>Link successful</title>
</link_info>
